"","BALANCE","CREDIT_LIMIT","PAYMENTS","MINIMUM_PAYMENTS"
"1",-0.630840581574621,1.08708599548771,0.453924485008039,-0.283129321487465
"2",0.246851752173433,-0.142677434508094,-0.125169908998242,-0.152063621695275
"3",-0.736776504623279,0.739274116222449,-0.407668364378227,-0.290833236700631
"4",-0.649519526546063,0.540524471045132,0.716038322781961,-0.284972993846523
"5",-0.753929463817139,2.8634109499261,0.613826697708365,-0.341687756316855
"6",-0.0870263721052591,-0.825879340061321,-0.518506702611704,-0.19204453771462
"7",0.43688729234509,-0.484278387284708,-0.254608006088046,0.201561141173287
"8",-0.678581222988676,2.45348980659417,-0.103852699946121,-0.283813576745416
"9",-0.260614951013007,-0.689238958950676,-0.594431581945036,-0.265988377043246
"10",-0.741390811948026,-0.00603705339744896,-0.425701341915934,-0.307351028498418
"11",1.68451162980467,2.31684942548352,-0.202912675009941,0.137385100328981
"12",-0.762764801941074,-0.142677434508094,-0.535116036381866,-0.348587674204596
"13",-0.08616672490555,-0.55259857784003,-0.504504722848908,-0.219021118155894
"14",0.884183432979679,0.813805233266423,7.1338363348645,0.13855295850066
"15",-0.758321356853259,-0.962519721171966,-0.379562419846475,-0.358033222059374
"16",-0.474763903596542,-0.0880212820638362,-0.440522171337622,-0.278119535776433
"17",-0.345745622054239,-0.962519721171966,-0.137026310594099,-0.225410423980091
"18",3.00004262545672,2.04356866326223,-0.0339964998224678,0.540040079354549
"19",-0.597726217967103,-0.907863568727708,-0.460894003916881,-0.249831872928692
"20",0.936265937158877,0.677164852155778,-0.329197424384674,-0.0197714525149115
"21",-0.506812706228016,-0.907863568727708,-0.489204371067812,-0.279951613517705
"22",-0.733111578977799,-0.907863568727708,-0.561838688920366,-0.278174739290546
"23",1.58914927731312,1.90692828215159,-0.209522807424821,0.119556867624173
"24",-0.338863829963134,-0.825879340061321,0.126568353029644,-0.207535269089108
"25",-0.730299098677338,-0.825879340061321,-0.442329382748864,-0.299718570085599
"26",-0.758504129446091,-0.825879340061321,-0.261189318409039,-0.328173522248539
"27",-0.379780174824409,-0.962519721171966,-0.0923389691669184,-0.279229202108721
"28",0.0621476788905346,-0.771223187617063,-0.381658762841514,0.209576221973
"29",3.58362614317745,1.77028790104094,6.17094221362965,0.767068874541403
"30",-0.168398915232026,-0.142677434508094,-0.122104730267408,-0.21249004432594
"31",-0.75515407688555,-0.55259857784003,0.215334446338654,-0.345332057770873
"32",-0.763262816014804,-0.415958196729385,-0.371051218005049,-0.344735701003086
"33",2.32261331924764,1.49700713881965,-0.0823750446842869,0.466351192642921
"34",-0.589392175122363,0.813805233266423,0.433189769296485,-0.291743137492137
"35",0.449906735776823,0.677164852155778,-0.247405504774021,-0.116476144029662
"36",-0.520776637685435,1.90692828215159,7.3427794518041,0.421029510074045
"37",0.451166956796151,-0.415958196729385,-0.396993875310371,-0.0222492951258716
"38",-0.230909977961348,-0.907863568727708,-0.519724913728518,-0.197659747590015
"39",1.27927835860906,0.677164852155778,0.0466065820659715,0.454471008134306
"40",3.81621613138524,2.04356866326223,0.322660518931992,1.50615777033104
"41",-0.27586754108097,1.22372637659836,-0.245489604482691,-0.265140312667816
"42",-0.384536154732652,0.130603327713196,1.37898418489647,-0.262119070290666
"43",-0.755045204903967,-0.825879340061321,-0.329875622596468,-0.30862576840176
"44",0.894146488399505,1.360366757709,-0.286528027021706,0.00118999414582654
"45",0.23298029096505,-0.55259857784003,-0.394332750096246,0.087706661626025
"46",2.19655615289117,0.813805233266423,-0.138519895008515,0.552010722871814
"47",-0.64418875636469,-0.962519721171966,-0.0635667935273814,-0.280843175096065
"48",-0.487893307973045,-0.825879340061321,-0.118759478963221,-0.284130473678527
"49",-0.681684718918119,-0.825879340061321,-0.547710334930878,-0.23382537979274
"50",-0.241744175775534,-0.962519721171966,-0.232185549304962,0.138971807482435
"51",0.847696293175352,0.130603327713196,-0.259909336938005,-0.05888282741488
"52",-0.33623532145116,-0.907863568727708,-0.0610456815743755,0.0265478236511854
"53",-0.560886114748966,-1.09916010228261,-0.500668700341236,-0.276497838242208
"54",-0.228396674310205,-0.415958196729385,-0.396044972146874,-0.124714823634079
"55",0.13738666359396,-0.415958196729385,2.04816763415097,-0.0981869758488533
"56",1.31456156848757,0.813805233266423,-0.204781509343101,0.117290022273604
"57",-0.753761404634439,-0.142677434508094,-0.522562984854574,-0.303249573549038
"58",-0.0690026861554854,-0.825879340061321,-0.499547875992352,-0.142002817285147
"59",0.1457005840024,-0.743895111394934,-0.207006502314724,1.21557680262703
"60",0.557564206548373,-0.00603705339744896,-0.358794906461866,-0.0687089926546688
"61",-0.110188466373098,-0.743895111394934,-0.464874068127267,-0.0222487830221743
"62",-0.40181255997675,-0.55259857784003,-0.385584193245892,-0.0201523105675858
"63",-0.311855951970701,-0.689238958950676,-0.477546748423853,-0.246254542415227
"64",-0.740237569870421,-0.415958196729385,-0.53369922398798,-0.307145304009429
"65",1.61904461420492,1.08708599548771,-0.190479339199198,0.329882590209628
"66",6.99485800169201,3.68325323658998,1.10067570055275,1.80108755255771
"67",-0.350673586566379,0.813805233266423,1.02756367523586,1.49845222650167
"68",-0.30728375297221,-0.415958196729385,-0.545848308258488,-0.215357727246277
"69",0.444552728018186,-0.415958196729385,-0.486906157853844,-0.186891468339482
"70",-0.752256158785867,-0.962519721171966,-0.467776050297074,-0.314623853133279
"71",-0.621612178800524,0.813805233266423,-0.038637188245516,-0.28383231173253
"72",0.230331074019058,0.267243708823842,-0.453218610916722,-0.110440349920704
"73",-0.489989700970792,-0.825879340061321,-0.235193581007354,-0.267954518896136
"74",-0.756286934068593,-0.142677434508094,-0.50256325525329,-0.305420373956554
"75",-0.726180341181845,0.977773690599197,-0.315413826227635,-0.315182143526235
"76",-0.542187161391268,1.08708599548771,-0.439242727702374,-0.284819611413209
"77",-0.0343669665341163,-0.825879340061321,-0.367115723369987,0.269092222435803
"78",-0.739780475902818,0.267243708823842,-0.339093644105181,-0.290602475187917
"79",-0.748890020874283,-0.825879340061321,-0.345677733927024,-0.29934057897066
"80",-0.512684106546812,-0.55259857784003,-0.572695087110655,-0.165910894289537
"81",-0.762337682138508,0.540524471045132,-0.548938011957544,-0.340660181682437
"82",-0.603155485870783,-0.907863568727708,-0.0680356312163759,-0.236120256393096
"83",-0.217135251232952,-0.907863568727708,-0.51348598251455,-0.215355374941145
"84",-0.543196153545249,-0.415958196729385,0.617418427984618,-0.290758362925244
"85",0.816482617461221,0.950445614377068,1.09624049804851,0.0282071509022743
"86",0.586541523137156,0.130603327713196,1.77186821322318,-0.0442381630006612
"87",-0.688396180369571,-0.907863568727708,-0.334182524631466,-0.309085858379804
"88",-0.0878363054154955,-0.825879340061321,-0.273792275255059,-0.00126727074767809
"89",-0.693678834793685,-0.907863568727708,0.336613025363015,-0.338148497657519
"90",-0.756018896898992,-0.55259857784003,-0.493981282126592,-0.301363054337673
"91",-0.584872065022011,-0.55259857784003,0.313175228778306,-0.284946621559824
"92",1.20942587495143,-0.00603705339744896,-0.145841948110866,0.240510723759225
"93",-0.624673805479327,-0.415958196729385,-0.37907811126406,-0.293504619947431
"94",-0.313824135539366,-0.962519721171966,-0.539263054099491,-0.191278156618554
"95",-0.759900395943791,-0.689238958950676,-0.0991242965203526,-0.333937519532961
"96",1.50542189901584,1.6336475199303,-0.196613703451563,0.0535835758833699
"97",-0.73752842940859,2.45348980659417,-0.434795020602005,-0.29803033278949
"98",-0.695138275949289,-0.415958196729385,-0.317523376270146,-0.283281293212075
"99",-0.756200008369628,-0.55259857784003,-0.513008775770179,-0.35238752789426
"100",0.314094269279467,-0.27931781561874,-0.385222596108176,-0.160361664444578
"101",-0.754771004737193,-0.00603705339744896,-0.477431711706818,-0.280044434104146
"102",-0.72111150243652,-0.415958196729385,-0.16404407964306,-0.304858383350957
"103",-0.753913548348171,-0.00603705339744896,-0.175303086582232,-0.296140398289023
"104",-0.653951033123365,-0.415958196729385,-0.0458276650634706,-0.290944240129459
"105",-0.762652958931972,0.813805233266423,-0.582989271634365,-0.340396813705422
"106",0.324122842393674,0.813805233266423,-0.132679365396014,-0.147844760967139
"107",-0.736562889844359,-0.142677434508094,-0.34832563181744,-0.32422591715881
"108",1.47304868174863,0.130603327713196,-0.276075848682005,0.569967240713923
"109",-0.745491187821286,0.677164852155778,-0.469647829839624,-0.287329666821924
"110",-0.472062797220689,-0.771223187617063,0.319485260852319,-0.266455398755781
"111",-0.548451366765145,-0.142677434508094,0.764820701558528,-0.286607142876571
"112",0.429973208821098,1.49700713881965,-0.427233764260142,-0.0587332720610492
"113",-0.424372432311179,-0.825879340061321,-0.00103282555556445,-0.245969978824444
"114",1.93495917217758,0.950445614377068,-0.378394660819466,0.494221233450337
"115",-0.567839711602803,-0.989847797394095,-0.398092641518688,-0.264548638593096
"116",0.526730712124149,0.540524471045132,-0.178060314288035,-0.0509203141650635
"117",-0.207527099509283,-0.907863568727708,-0.482212580412195,-0.225977284839369
"118",1.34538004648166,0.130603327713196,-0.236387264406626,0.189525271239917
"119",-0.683704523254824,-0.907863568727708,-0.388674159848703,-0.334981183074649
"120",-0.535746060103628,-1.09916010228261,-0.55295578412707,-0.283425988427854
"121",0.243379953814992,0.540524471045132,0.766402778345985,-0.16370694243823
"122",-0.387865438255176,-0.55259857784003,-0.0657087364055318,-0.195131948947273
"123",-0.700175389694375,-0.825879340061321,-0.438703572585292,-0.348297027749156
"124",-0.617748740701681,-0.55259857784003,-0.555066173399609,-0.217984032301695
"125",-0.0928612883397419,-0.142677434508094,0.478551375001751,-0.169388291665211
"126",-0.0385209845812269,1.6336475199303,-0.451454349387471,-0.163756500588622
"127",-0.748443937746539,-0.415958196729385,-0.488059824552239,-0.294548037763641
"128",0.0562248496368274,1.22372637659836,0.916114723613614,-0.12987019600066
"129",-0.683683737992115,-1.09916010228261,-0.57792038619458,-0.312975583950175
"130",-0.0355595878492547,-0.825879340061321,-0.239899008019569,0.402030102114351
"131",-0.567941688090065,-1.09916010228261,-0.260208538938458,-0.271350599683981
"132",-0.410579520565649,0.813805233266423,-0.052687924111147,-0.27279409777609
"133",0.585111230596059,-0.415958196729385,-0.192879312318726,0.450597067580863
"134",0.327813552893143,0.130603327713196,-0.368264915549566,-0.0833527116790992
"135",-0.670269866081654,0.813805233266423,-0.123363601769719,-0.299400573920848
"136",-0.0800834148321401,-0.689238958950676,-0.271978455852436,-0.20070255227247
"137",-0.711801361093096,-0.70290299706174,-0.554677803380647,-0.271070992751207
"138",-0.247614873660583,0.403884089934487,-0.229399887097447,-0.242296753837901
"139",-0.272744789304686,-0.907863568727708,0.420577642092548,0.0800965958430239
"140",-0.596689332703499,-0.907863568727708,-0.572125382920872,-0.220653613702153
"141",-0.110354147206754,-0.743895111394934,-0.0316009245844521,-0.210119182916991
"142",-0.75367315566864,-0.55259857784003,-0.516039162539733,-0.292922908923901
"143",-0.742625592172284,0.677164852155778,-0.381266272622393,-0.28269671145745
"144",-0.7628780903794,-0.825879340061321,-0.525063792046045,-0.33635113380317
"145",-0.745739166021767,-0.962519721171966,-0.556292874761227,-0.306344393215177
"146",-0.758213794776998,0.130603327713196,-0.56161428389746,-0.314033237827685
"147",-0.104731159337562,-0.579926654062159,0.456352529718997,0.943569273341386
"148",-0.133217921870796,0.458540242378745,-0.337630139660687,-0.241509483547316
"149",0.64084295444118,-0.415958196729385,-0.397332967886632,0.178874142770001
"150",-0.190411411297323,-0.907863568727708,-0.377179049528676,-0.00687701312582121
"151",2.73849817457115,1.22372637659836,-0.161620758264406,0.505078169441694
"152",-0.0103216930588547,-0.743895111394934,-0.341242758241713,-0.0700866658226475
"153",-0.704685421874687,0.813805233266423,-0.282692949592893,-0.293057528130637
"154",-0.682370914610849,0.813805233266423,0.0444528342937105,-0.288155080197523
"155",0.796544755649411,-0.00603705339744896,-0.220241766061473,0.114006533911244
"156",-0.72274508083096,-0.962519721171966,-0.363382337113726,-0.293142431130285
"157",-0.75987893783354,-0.415958196729385,-0.380263717160241,-0.312403401005807
"158",-0.673701741198165,-0.415958196729385,-0.433981960668036,-0.291990335215369
"159",-0.636496280332721,-0.962519721171966,-0.559069654945793,0.15055364248444
"160",1.09422009360769,-0.142677434508094,-0.0172666953036637,1.16103592878132
"161",0.248543918886958,-0.415958196729385,-0.424871505973057,-0.147007149407916
"162",-0.748457204295855,-0.825879340061321,-0.496903380042164,-0.315478600988815
"163",-0.353906646209534,1.49700713881965,-0.48391303159155,-0.253141089970882
"164",-0.398332289465632,0.185259480157455,-0.14882779623495,-0.258688657059392
"165",-0.739040983526749,-0.415958196729385,-0.265776193010864,-0.298829098227511
"166",1.23418651897975,-0.00603705339744896,-0.195206178261707,0.0300436571814457
"167",-0.0534462944464416,2.18020904437288,1.7345387423561,-0.0619584058909912
"168",2.49616236860084,0.403884089934487,2.20826706625125,5.37704812583169
"169",0.156446619700612,-0.55259857784003,-0.343136936496884,-0.147931413549048
"170",-0.741880141516486,-0.142677434508094,-0.534011781499202,-0.288812690889772
"171",-0.479016914696278,-0.55259857784003,0.0832252546555906,-0.291473369272618
"172",-0.324638193738166,1.08708599548771,0.14961308031964,-0.269740339132328
"173",-0.241368237719918,-0.55259857784003,-0.527436613909118,-0.222769964209886
"174",-0.244433722535163,-0.55259857784003,-0.554759180512708,-0.273970061095176
"175",-0.715455501135624,-0.689238958950676,-0.341592415081292,-0.288577314542999
"176",0.535865784740507,-0.415958196729385,-0.421261470722134,0.126695161985533
"177",0.797568707447093,2.04356866326223,-0.223991524176557,-0.0430568426132693
"178",0.193482271979745,-0.142677434508094,-0.484218648787298,-0.190473331497524
"179",-0.529285138922485,1.6336475199303,0.565713818637773,-0.3013179023865
"180",-0.75806665638091,-0.962519721171966,-0.481684871746587,-0.289035783070078
"181",-0.377216894348335,0.813805233266423,-0.5260488999778,-0.27537397125332
"182",-0.682934650619208,0.403884089934487,-0.174305698467616,-0.300011617738376
"183",-0.659643486059188,-0.415958196729385,-0.517123393778864,-0.262408488540202
"184",0.542188927264359,-0.415958196729385,-0.288639662423678,0.162436338197853
"185",-0.597871673767138,0.403884089934487,3.45773876233817,-0.298251462116365
"186",2.31790595567614,0.677164852155778,-0.174138621928293,0.799054909828357
"187",-0.545001753764938,-1.09916010228261,-0.441979414548759,-0.172147880242908
"188",-0.752045574684071,-1.09916010228261,-0.244490058838956,-0.295092296515292
"189",-0.751617274296526,0.130603327713196,-0.530620051904063,-0.299293987228352
"190",-0.652175790734971,0.540524471045132,0.373031792810402,-0.280188334821596
"191",-0.748005796605783,-0.962519721171966,-0.504136299836176,-0.310593073973421
"192",-0.509675578514659,-0.743895111394934,-0.0106102626163217,-0.277132274450846
"193",-0.561320203056969,0.813805233266423,0.867400269201131,-0.286443973572599
"194",0.801042888926547,-0.27931781561874,0.597989046945066,-0.143676760355092
"195",-0.720446375461421,-0.689238958950676,-0.464932714566277,-0.309617974583789
"196",-0.395699533901793,-0.825879340061321,-0.276029009199096,-0.253274575805731
"197",-0.330635488604179,-0.962519721171966,-0.557597468147738,0.0277379244041918
"198",0.039078450945107,-0.743895111394934,-0.422837333014679,-0.129774074347423
"199",-0.747537470378987,-0.825879340061321,-0.583951237849683,-0.290548859406008
"200",-0.737118171356324,-0.361302044285127,-0.166174184978921,-0.306630213251327
"201",-0.720193549895451,0.3218998612681,-0.152075327416118,-0.289206617070129
"202",-0.692832338661657,0.130603327713196,-0.195820809438453,-0.288688713324311
"203",-0.729009838798777,-0.55259857784003,-0.0777207306297481,-0.339564445835169
"204",-0.195441684902921,-0.0470291677306426,-0.517610984018742,-0.166166354373903
"205",-0.5372872636884,0.677164852155778,0.749421036079625,-0.28963903195281
"206",1.79172983993168,0.950445614377068,-0.191634711507184,0.4855830678632
"207",-0.590178200870973,-0.907863568727708,-0.202281955841695,-0.291168234708132
"208",-0.708467094203984,1.22372637659836,-0.180795942302432,-0.303548681306308
"209",-0.369141695476095,-0.689238958950676,-0.355993073439577,-0.225148379042999
"210",-0.706145787360568,-0.962519721171966,-0.18548985103718,-0.299414463943353
"211",0.450069682272592,-0.415958196729385,-0.43309652865704,-0.0137600800622728
"212",-0.377642811614867,-0.825879340061321,-0.563061945383627,-0.288671568598308
"213",0.353259764623158,0.841133309488552,-0.194421068261744,-0.123098852810088
"214",-0.750549682847933,-0.55259857784003,-0.429464384059459,-0.352070427384123
"215",-0.624334201668216,-0.55259857784003,0.146998576017459,-0.321596590902319
"216",-0.710407817480557,-0.907863568727708,-0.540534431572594,-0.320752924717902
"217",-0.740536057924702,-0.497942425395772,-0.479939922130572,-0.316406423302303
"218",-0.678541280181675,-0.415958196729385,-0.540609803158086,-0.218840145345606
"219",0.10365771054256,-0.689238958950676,-0.353075202603993,0.305142583257405
"220",1.57029816783457,0.813805233266423,-0.213045046911739,0.171113366344087
"221",0.556424251539549,0.403884089934487,-0.341614900053839,-0.105738816073701
"222",-0.754250450747977,-0.415958196729385,-0.297247442389196,-0.328821799165993
"223",1.87012336821919,0.677164852155778,1.4069476094743,0.360533317845585
"224",0.437187499739581,-0.55259857784003,-0.423251507123139,0.0480146981158158
"225",-0.68429068417423,-0.415958196729385,1.82478445421965,-0.259430766126145
"226",3.18773367035897,1.6336475199303,0.368301460392766,0.498210002826153
"227",-0.464236402576658,-0.689238958950676,-0.55219060429375,-0.287887937826592
"228",-0.349423397178998,-0.743895111394934,0.0612013974250369,-0.12001793960435
"229",2.61844295574987,0.813805233266423,0.946813681010631,0.555944212023333
"230",0.291899522197483,-0.27931781561874,-0.371182318313366,-0.110966773133216
"231",0.329484916210479,0.540524471045132,-0.218135112771581,-0.100898184325404
"232",-0.409670573206126,-0.210997625063417,2.31796987299047,-0.256045443309304
"233",-0.230551933832794,-0.907863568727708,-0.517804092497486,-0.18028050886166
"234",-0.339505143384385,0.677164852155778,0.142624971347592,-0.261331030369339
"235",2.74203558415455,1.90692828215159,0.200290188246438,0.421156858251249
"236",-0.748726281754565,0.813805233266423,-0.325047170373371,-0.273005245927941
"237",-0.477756352958408,-0.962519721171966,-0.561264725689747,-0.260884067105325
"238",0.926021754582963,3.00005133103675,-0.304063024638057,-0.0383562684865284
"239",-0.718214286293386,1.49700713881965,-0.190889741583849,-0.283282930679453
"240",-0.748099760480924,-0.415958196729385,-0.40985851899379,-0.297960036336039
"241",0.0798657006999656,-0.689238958950676,-0.355195169133855,-0.204515082952177
"242",-0.710873059106987,-0.142677434508094,-0.0976114926385963,-0.300702590195193
"243",-0.746080788852703,-0.55259857784003,-0.465626055690711,-0.285782058680385
"244",1.12436847462162,0.813805233266423,-0.105672369215049,0.247290708225518
"245",-0.75488795375247,-0.825879340061321,-0.547130723908998,-0.298350281692043
"246",-0.345309656931069,0.540524471045132,1.90528222476801,0.687218558035237
"247",-0.295662325441788,-0.825879340061321,0.0771506176687854,-0.247294295423496
"248",0.316176391228552,1.49700713881965,1.17911642585968,-0.152331341921489
"249",-0.66234487636716,-0.55259857784003,0.12639272782246,-0.281245450463368
"250",-0.103453208546884,0.567852547267261,-0.194577192883585,-0.230904095420969
"251",-0.357274651392348,-0.907863568727708,-0.480059963985244,-0.266690411782894
"252",-0.104533238608278,-0.825879340061321,-0.407418211283223,-0.193610806661997
"253",0.0315164266901669,0.267243708823842,-0.505437758997526,-0.216314188590236
"254",0.543734287233597,-0.142677434508094,-0.501227517566229,-0.0523858550548353
"255",-0.720369574924982,-0.962519721171966,-0.533781727997705,-0.327898189168843
"256",2.84255946228784,0.950445614377068,0.524678326186886,1.70260993949767
"257",-0.762785936511869,-0.415958196729385,-0.553447898029865,-0.316237593882651
"258",3.15600590285522,2.8634109499261,0.121368630528962,0.498285034236752
"259",-0.214977330383593,0.403884089934487,-0.20876533324902,-0.254064069005699
"260",-0.57577680589231,0.540524471045132,1.57678363713214,-0.220022699418201
"261",-0.660715272545191,-0.689238958950676,0.160659476820065,-0.308897401268815
"262",-0.635830022401114,-0.962519721171966,-0.576850037992054,-0.267704612291865
"263",-0.6615515065592,-0.415958196729385,0.176789577940448,-0.273982302270221
"264",-0.571224931184382,1.49700713881965,0.506744663377981,-0.272195838848644
"265",-0.147849911723495,-0.907863568727708,-0.319963034110123,1.04944772431607
"266",-0.232233387954483,0.403884089934487,0.707369041208284,-0.133638525176797
"267",-0.752303528684467,-0.55259857784003,-0.428061843043672,-0.305071356109314
"268",0.432744401573867,-0.415958196729385,-0.428771762913283,-0.0464307301334765
"269",-0.400988095545575,0.130603327713196,0.181452657171822,-0.242698554192144
"270",-0.463491056904164,0.540524471045132,-0.1233939721366,-0.26686737037457
"271",0.39126325560089,-0.00603705339744896,0.0777790019767524,-0.121481835440023
"272",-0.701663712711452,-0.962519721171966,-0.449842015986262,-0.329404327448015
"273",-0.729022019725285,1.08708599548771,-0.269732654993659,-0.291963420478087
"274",0.679599104132961,-0.00603705339744896,0.757839025996022,0.00837855728048603
"275",-0.0585387558668799,-0.00603705339744896,1.0275994043717,-0.162483483714016
"276",-0.463086199288523,-0.689238958950676,-0.370766283258716,-0.298729632516058
"277",1.34377066053536,0.130603327713196,-0.183544657081538,0.21455445366659
"278",-0.238297877384569,-0.661910882728547,-0.512819302580224,-0.24532199905358
"279",-0.750571156705681,0.403884089934487,-0.521116360205831,-0.335755842548261
"280",0.773294045928601,-0.00603705339744896,1.12512743822237,0.100961782182117
"281",-0.618883790127001,-0.55259857784003,-0.382782784993592,-0.289654700218524
"282",-0.411896012159015,-0.55259857784003,-0.134519559028438,-0.245152683240787
"283",1.05993510698211,0.212587556379584,-0.288770731802141,0.0231993659782798
"284",3.65764488498111,3.54661285547933,0.226697078940885,0.733004382734376
"285",-0.407643630481909,-0.689238958950676,-0.360324367788093,-0.262311005913436
"286",-0.723758388275954,0.403884089934487,-0.387138641769818,-0.296250629558201
"287",1.38697661825761,1.360366757709,0.0482020428883954,0.0391022780278809
"288",2.4684042417384,1.22372637659836,1.37094273604837,2.30730012902339
"289",-0.759010119864982,-0.962519721171966,-0.588355569267077,-0.332081626651601
"290",0.302996808650052,1.22372637659836,-0.401692982666173,-0.0967101210499902
"291",0.170114536414966,-0.415958196729385,-0.418711665831306,-0.194215770986743
"292",1.03687175523855,1.90692828215159,0.255895469680876,0.165176115316959
"293",0.67699398733283,-0.333973968062998,-0.398024300632575,0.0381441126219893
"294",-0.739010691548617,0.403884089934487,-0.479620771405565,-0.301117247513372
"295",-0.672804993375827,-1.01717587361622,-0.269146448352339,-0.282254759644432
"296",1.73464204865057,3.40997247436868,-0.190277576203762,0.134177901087041
"297",0.0370436869647015,-0.743895111394934,-0.489400310659153,-0.134515403077292
"298",-0.700438777057978,0.950445614377068,-0.142634961500076,-0.322699554366214
"299",0.407621005392977,-0.415958196729385,0.405330916147899,0.00785909362044301
"300",1.32772701935888,0.130603327713196,-0.214026731596035,0.0549094490247712
"301",0.0342364768261278,-0.661910882728547,-0.495749698566172,-0.0462083296092752
"302",-0.69273914259623,-0.415958196729385,-0.535403263717679,-0.293865251800743
"303",-0.530198063717659,-0.907863568727708,-0.495394836575903,-0.286751290583952
"304",-0.744030798475564,-0.415958196729385,-0.384740486982015,-0.336327086425109
"305",-0.756706525613829,-0.415958196729385,-0.606657070858146,-0.335780274320209
"306",2.56684349073041,1.49700713881965,-0.0872511323185238,0.308491390762466
"307",-0.104465046702812,-0.825879340061321,-0.482293861318044,-0.169263677658118
"308",-0.753396952706733,-0.55259857784003,-0.471320144474856,-0.323221763154965
"309",-0.684639293166887,-0.55259857784003,-0.564356436736299,-0.309444467950368
"310",-0.759329098274325,-0.962519721171966,-0.539566456030393,-0.312775005365745
"311",4.45121322591444,2.04356866326223,0.293998066947977,0.921210474821705
"312",0.153973244540565,-0.730231073283869,0.654189737339591,1.01269742521885
"313",0.200561047108345,-0.55259857784003,-0.418961126441255,-0.159153772408307
"314",1.5086543387803,0.130603327713196,-0.336187340691165,0.195301194007476
"315",0.0222885397658526,-0.743895111394934,-0.479163847771831,-0.0619560687593028
"316",0.0734731856856686,-0.743895111394934,-0.506387020947324,-0.099761934121187
"317",-0.757677550078525,-1.09916010228261,-0.595203152917097,-0.340791023544864
"318",-0.666073008165534,-0.962519721171966,-0.273077205221165,-0.33120254607298
"319",-0.584412218105844,-0.962519721171966,-0.293855068422107,-0.320487161865819
"320",1.51039271341812,4.22981476103256,-0.165538194676298,0.160856819041479
"321",-0.545048841640207,-0.689238958950676,-0.550943572052054,-0.280591424918485
"322",0.375642483834729,0.677164852155778,-0.0657238696955511,-0.0679484567059887
"323",-0.0194179977268292,0.403884089934487,-0.40106116308247,-0.189449157400249
"324",-0.720355072435853,-0.825879340061321,-0.552956860485975,-0.28929914430334
"325",0.0206490231339503,-0.70290299706174,-0.42685389032829,-0.124286378714135
"326",-0.665512086186934,0.403884089934487,1.03783583907849,-0.309989343333878
"327",0.151688528196357,-0.361302044285127,-0.350814639269775,-0.0504058088489668
"328",3.65702724100026,1.360366757709,0.258245223715495,0.582298438109864
"329",-0.734914521688294,0.677164852155778,-0.313160283626511,-0.328397263515013
"330",-0.330249246914418,-0.142677434508094,-0.561920412466786,-0.0630838340585573
"331",-0.666472596096483,-0.798551263839192,0.0513203092762236,-0.300180472447099
"332",-0.6831479222936,2.04356866326223,-0.0483419425498338,-0.281885000965226
"333",-0.720041879083787,-0.689238958950676,-0.542534770707822,-0.292483837957609
"334",0.422346965801572,-0.142677434508094,-0.47766987089194,-0.139497766583676
"335",-0.64091164095498,0.403884089934487,-0.534280089730919,-0.295878910554472
"336",0.842169755854029,2.04356866326223,0.380239211283814,-0.0716375349899521
"337",-0.656770565438711,0.813805233266423,0.691088770493866,-0.28244944123888
"338",-0.744647713299642,1.49700713881965,-0.486329673152829,-0.304533805283871
"339",-0.722799437845674,-0.55259857784003,-0.142382620633429,-0.313860660146156
"340",1.48318396466555,0.813805233266423,-0.174733327406043,0.144631810625672
"341",-0.606113835223743,-1.09916010228261,-0.573135895603351,-0.277859212182139
"342",-0.633967688249256,3.13669171214739,0.634185179588166,-0.282329166836451
"343",-0.506855904949048,-1.09916010228261,-0.496296638383732,-0.123856753637521
"344",-0.295920178276455,-0.962519721171966,-0.00223949983699917,0.00189734802017331
"345",-0.722247124975244,-0.962519721171966,-0.533682381308053,-0.308472762354127
"346",-0.576945718636905,1.22372637659836,-0.255264442398537,-0.283175493431187
"347",-0.071706108844794,-0.142677434508094,-0.459956280520788,-0.049369396105554
"348",-0.276721835563737,-0.962519721171966,-0.435726650473282,0.110965326233653
"349",1.27360186599871,0.267243708823842,-0.183442588221108,0.508564254034902
"350",0.00331096405827492,-0.55259857784003,-0.217065222674553,0.0557491570480192
"351",0.484612419612718,0.130603327713196,-0.499047218920338,-0.0387796657078076
"352",0.651283039680946,-0.27931781561874,-0.348415538372118,-0.0314751441722503
"353",-0.20737298449541,-0.825879340061321,-0.180380317927504,-0.250022751468275
"354",-0.145212321678481,0.403884089934487,0.184869296296363,-0.212274014961811
"355",-0.299806905967017,-0.962519721171966,-0.503899418054006,-0.120703649826879
"356",-0.0761767761034773,-0.825879340061321,-0.399305700752893,-0.0151009361355513
"357",0.0879960754566955,-0.743895111394934,-0.376927129308038,0.663766966894722
"358",0.829849360457485,0.950445614377068,1.50846412423584,0.0698605116140805
"359",-0.0479173248528303,0.267243708823842,-0.49341270996945,-0.182519047733048
"360",0.0325753980550629,-0.743895111394934,-0.41682742980573,-0.156051276666007
"361",-0.761350033090341,-0.306645891840869,-0.513688465488245,-0.309181157295249
"362",-0.374201411649452,0.267243708823842,2.14072950472952,-0.212382105932575
"363",1.3366899775738,0.130603327713196,-0.259246467217973,0.125721187116612
"364",-0.727172168088337,-0.716567035172805,0.0985587350591746,-0.326779996626109
"365",0.514697998182274,-0.415958196729385,-0.36816791712313,0.0627475311917783
"366",-0.650438597636522,-0.142677434508094,0.123288139303209,-0.314565670566547
"367",-0.544281174131183,0.677164852155778,-0.369783140747322,-0.284206571023489
"368",-0.697554648515347,-0.634582806506418,-0.162245125471725,-0.288614394222558
"369",1.449067016226,0.130603327713196,0.041773841246846,1.14136926361307
"370",0.249810496168178,0.130603327713196,-0.412835541455992,-0.119882138133523
"371",0.718091190750416,0.731821004600036,1.29915652062288,-0.0703208194428148
"372",-0.574650798869889,1.08708599548771,0.336934561467063,-0.26029522161325
"373",-0.570809754664298,-0.00603705339744896,-0.516523999678978,-0.246072324961138
"374",-0.456339033492393,-0.825879340061321,-0.464891415651136,-0.325410790660743
"375",-0.210305440670698,-0.415958196729385,0.525179825925577,-0.233555497772399
"376",-0.721949859022068,-0.0606932058417071,-0.396024359805128,-0.288476377007586
"377",0.325252594456887,1.360366757709,0.905492044456135,-0.105564275960226
"378",-0.618714321782036,-0.142677434508094,0.37477668812734,-0.300990776866948
"379",-0.366336204677731,-0.55259857784003,-0.551367149523328,-0.245396540277677
"380",-0.762960523747324,1.08708599548771,-0.579083139740287,-0.355230280426456
"381",-0.717907144274434,-0.825879340061321,-0.22358983507532,-0.286227007248372
"382",-0.382571764878857,-0.962519721171966,-0.489192191922473,-0.188955017373408
"383",-0.588683543543058,-0.907863568727708,-0.519028389234822,-0.248624023462359
"384",-0.274977290293592,-0.907863568727708,-0.513078410898831,-0.233161506261941
"385",1.53462835121072,0.950445614377068,0.696305309899596,0.749611911959306
"386",-0.654563345383932,0.813805233266423,-0.264067981187584,-0.284507437635679
"387",1.59177998283934,0.130603327713196,0.139207893706461,0.678228658976069
"388",-0.0482877412638248,-0.415958196729385,-0.441401578213143,-0.215119948437714
"389",0.330659733788757,-0.661910882728547,-0.561931643440281,7.09306760809268
"390",0.110374146771056,-0.689238958950676,-0.443133534541341,0.0746265136265297
"391",0.087965129718894,-0.743895111394934,-0.213208552083971,0.907307112331375
"392",-0.200030970411424,-0.907863568727708,-0.517229060812259,-0.240413520519889
"393",0.0596021582492116,0.130603327713196,-0.0170599216719495,-0.139283731684317
"394",-0.373850772661443,-0.579926654062159,-0.394927224974755,-0.2549151246568
"395",-0.626722062200351,0.540524471045132,-0.207013811039122,-0.285267168127433
"396",-0.747707208340166,-0.825879340061321,-0.586041951267708,-0.276390259796626
"397",0.628196894630385,0.950445614377068,-0.271903719016271,0.0626982229817098
"398",-0.249939058955332,0.649836775933649,0.797609211129401,-0.228758042898793
"399",0.0697984059254674,-0.415958196729385,-0.45837366899053,-0.110150907225066
"400",-0.359907437973982,-0.907863568727708,-0.578324051369794,-0.281569944655034
"401",-0.741064039005517,0.540524471045132,-0.299513757988847,-0.333076477649021
"402",-0.741733599139249,-0.962519721171966,-0.471678966861042,-0.357239710004466
"403",-0.0409201284326157,0.130603327713196,1.4171572245614,-0.19051737241549
"404",-0.712300692707298,-0.142677434508094,-0.207285565543856,-0.290751776808064
"405",-0.722681809779296,-0.55259857784003,-0.60054221647008,-0.341840791025436
"406",0.194331880866752,-0.443286272951514,0.449671600931296,-0.0770369207641817
"407",-0.235437784769513,-0.907863568727708,-0.475687911306696,-0.24006154216535
"408",-0.696441576867635,-0.825879340061321,0.3352352663769,-0.080590773746663
"409",-0.59032816856712,-0.415958196729385,0.0913666801313581,-0.284652696376267
"410",-0.695321448433071,-0.142677434508094,-0.269696867091094,-0.312906801890621
"411",0.0200378513738278,-0.55259857784003,-0.470658478957123,2.65535302874951
"412",0.112533744490107,-0.689238958950676,-0.471381259803511,-0.111412077012656
"413",-0.344079470203581,-0.689238958950676,-0.567729055805916,-0.300107537500525
"414",-0.758359100260029,-0.142677434508094,-0.154855679655106,-0.350475057459237
"415",-0.53348861699035,-1.07183202606048,0.522325866133745,-0.163540026979804
"416",-0.591678997813417,2.59013018770481,0.762697457838849,-0.28118007104838
"417",-0.654385369573724,1.49700713881965,0.156272507016807,-0.282217052795901
"418",-0.207189016524497,-0.825879340061321,-0.377379181489835,-0.251963858826347
"419",2.71160145337876,1.90692828215159,-0.0828013426080149,0.823756142311749
"420",-0.371364780894174,-0.825879340061321,-0.540293525129145,-0.230760657072042
"421",1.85044118704204,0.540524471045132,-0.231978614150679,0.462660116522312
"422",-0.750540798397188,-0.142677434508094,-0.499327704235403,-0.302409409901019
"423",-0.00393705608717012,-0.771223187617063,-0.501159461922099,-0.160264499617143
"424",1.78257751617241,1.08708599548771,-0.175872625812796,0.209598212085098
"425",1.37338516422433,1.22372637659836,-0.147430588213248,0.0739659715094128
"426",-0.561028803284532,-0.962519721171966,-0.588362490680975,-0.250454398827637
"427",-0.504302472861334,-0.743895111394934,-0.113584231255666,-0.262190429728087
"428",-0.741620014838882,1.08708599548771,0.248507492688636,-0.323008962362293
"429",0.191453470573841,0.403884089934487,-0.0566534323887792,-0.13770619266224
"430",0.992477254802552,1.49700713881965,-0.313024941804275,0.0709838462680134
"431",-0.268097069611678,0.540524471045132,0.691990519033613,-0.260849575340747
"432",2.95875718458811,2.45348980659417,-0.0655920332567197,0.277417662943653
"433",-0.136022830966213,-0.907863568727708,0.0979091239363708,0.458420990396753
"434",1.08114946842901,1.49700713881965,-0.36962154085407,0.222645839181651
"435",-0.700760898285702,1.360366757709,-0.212084255343527,-0.291391380838457
"436",-0.143775362220349,-0.579926654062159,-0.509114055961072,-0.173008186636353
"437",0.00622937823938292,-0.689238958950676,-0.446242051839325,-0.100907295977855
"438",-0.157499957989236,-0.142677434508094,0.108223329354293,-0.209866119815116
"439",1.64840868403847,1.22372637659836,1.76430555507161,0.0719618635950092
"440",0.426398869928731,-0.415958196729385,-0.316154864622917,0.0012208114083204
"441",-0.710189026547527,0.403884089934487,-0.423237007895118,-0.276655755006036
"442",-0.723834574182864,-0.907863568727708,-0.507173855114791,-0.290202123475985
"443",-0.716151843941935,-0.962519721171966,-0.104634655444685,-0.294745822748642
"444",-0.18277403622994,-0.55259857784003,0.53492557603247,-0.201889936136231
"445",-0.745224319306743,-0.55259857784003,-0.484569525981433,-0.328079683776972
"446",-0.301064499063353,-0.689238958950676,-0.141187349501674,-0.211475398307827
"447",-0.560602363487462,1.22372637659836,1.54185165124971,-0.234668407428103
"448",-0.743877967598385,-0.142677434508094,-0.517679792289308,-0.298416605232366
"449",-0.742148180594874,-0.142677434508094,-0.426150616596881,-0.297056365085805
"450",-0.762658497278484,-0.798551263839192,-0.588102036570073,-0.317114859970393
"451",-0.282377113911423,-0.962519721171966,-0.398736699701781,-0.117194835837718
"452",-0.551976034715755,-0.415958196729385,0.273061601300259,-0.276100225336715
"453",-0.56281957843003,-0.00603705339744896,0.309429908753544,-0.292807701608426
"454",-0.652354497610736,0.130603327713196,-0.243056390705871,-0.288439510177712
"455",1.51100544370312,0.950445614377068,-0.310769317624006,0.564359150976601
"456",-0.683027094622417,-0.689238958950676,-0.603613108288533,-0.346817532349747
"457",-0.756278699082745,-0.415958196729385,-0.393451246863983,-0.309787991325346
"458",0.961632055217068,0.267243708823842,0.143851401901159,0.024450913274176
"459",-0.0471376004884762,-0.798551263839192,-0.4743702260005,-0.0520399338543974
"460",-0.270362677085672,-0.825879340061321,-0.531895036485422,-0.277040609574971
"461",-0.720547513991034,-0.361302044285127,-0.334075096314743,-0.305209200515632
"462",0.550120291374225,0.130603327713196,-0.394876528539106,-0.00630077507884259
"463",-0.738999722702079,0.540524471045132,-0.407030701114191,-0.295434399908907
"464",0.594705635233195,-0.142677434508094,1.06033200376461,0.0901141036768567
"465",-0.718637903471155,1.1690702241541,-0.421216591848276,-0.283423052366656
"466",-0.76047015656224,-0.142677434508094,-0.567699404729963,-0.321124549309098
"467",0.0563501099894463,-0.70290299706174,-0.455575023805149,-0.110927593617756
"468",-0.701740104767396,-0.962519721171966,0.225873761292814,-0.29967602965254
"469",-0.553809897872618,-0.907863568727708,-0.554240389611213,-0.316570566657011
"470",-0.40942515755267,-0.27931781561874,-0.518849580658376,-0.217715015167599
"471",-0.743845776376834,-0.579926654062159,-0.387838222476712,-0.353308251143901
"472",-0.693551465231038,-1.07183202606048,-0.595939716793564,-0.258848245852329
"473",-0.727224957988632,-0.27931781561874,-0.194513468793615,-0.295723752828341
"474",0.114643694650045,-0.689238958950676,-0.416314110738997,-0.0784913584871244
"475",2.56836098574464,0.868461385710681,-0.229424555717656,10.4668654574674
"476",0.543908653049719,-0.415958196729385,-0.426887193188954,1.6331118847933
"477",-0.388792214642992,-0.907863568727708,-0.135200977037988,-0.285412557949708
"478",-0.745447444141464,-0.798551263839192,-0.349608925875791,-0.293372243881334
"479",-0.673446643220849,1.22372637659836,-0.0359249208621861,-0.283688761690204
"480",0.332360001873014,-0.415958196729385,-0.3061535019582,-0.166197558980675
"481",-0.712152907232296,-0.825879340061321,0.332697909377472,-0.312154857903973
"482",0.812761068593239,0.677164852155778,-0.260636257229795,0.258867726923861
"483",1.21792687894894,0.950445614377068,0.0239460918791701,0.129752299670728
"484",-0.757333263534835,0.130603327713196,-0.559019190484046,-0.323599122886086
"485",-0.294766443731713,-0.907863568727708,-0.483893346114416,-0.252823504753542
"486",0.0738954786422096,0.403884089934487,-0.240933808197728,-0.0804414700190933
"487",2.8603283967052,1.49700713881965,0.171485591247063,0.744741921284971
"488",-0.755081027593461,-0.962519721171966,-0.518732891256166,-0.339310794340898
"489",-0.667550045000175,-0.962519721171966,-0.0968733613058841,-0.303303649592047
"490",-0.204737001172153,0.950445614377068,-0.176364359965722,-0.212158816076027
"491",-0.754751380494392,-0.415958196729385,-0.414959964634088,-0.315374502319468
"492",-0.735818831648937,-0.689238958950676,-0.163340992521768,-0.278175510185741
"493",1.85877548948186,0.403884089934487,-0.16906368729648,0.312341200483912
"494",-0.517332130214206,1.77028790104094,1.68398676252656,-0.331557606322363
"495",-0.0246351912429859,0.130603327713196,-0.340611298131641,-0.154386008169061
"496",-0.198657235239665,-0.415958196729385,-0.441143890949476,-0.0806781571827373
"497",0.742752306311262,-0.27931781561874,0.698558666921598,-0.00510174896954525
"498",-0.316941082693302,-0.907863568727708,-0.257954515549943,-0.0586305360511696
"499",-0.14460652983552,-0.27931781561874,0.421143870797786,-0.151034351428614
"500",-0.690764306903633,-0.825879340061321,-0.456944086691101,-0.287153911568565
